X1,X2,X3,Outcome
5.993428306022466,4.399355436586002,4.974465175076856,1
4.72347139765763,3.924633682912769,6.566443987853447,1
6.295377076201385,3.0596303699201743,4.622740237000116,1
8.046059712816051,2.353063222294426,6.0761154110828794,1
4.531693250553328,3.69822331361359,1.3191559991386432,0
4.531726086101639,3.3934853854217497,7.639881122118815,0
8.158425631014783,3.8951932200277324,7.003616426086673,0
6.534869458305818,3.6351718016819694,4.548734106795428,1
4.061051228130096,4.049552715319335,8.977737005297215,0
6.085120087171929,2.464764788439432,9.812710412879674,1
4.0731646143750755,4.317394065634326,2.1773204068930774,0
4.068540492859486,3.1975996046923996,4.711825664301357,1
5.483924543132068,5.0752608726252655,4.692572950638105,0
1.1734395106844042,2.310812181910432,4.180290696673406,0
1.5501643349739345,4.73596380316525,9.488424525795246,1
3.8754249415180544,3.197910783462648,6.418521583681589,0
2.9743377593311524,2.3485819963855517,6.206455476068168,1
5.628494665190548,2.5161141659456785,0.9884129067797396,0
3.1839518489575784,2.6796526918056798,8.90625409062768,0
2.175392597329417,3.4241659464019163,3.2822248154395823,1
7.931297537843108,3.5228354880354997,7.179797890798985,1
4.548447399026928,2.426299996061421,7.832130813874575,0
5.1350564093758475,2.9756454077390173,11.081975787515953,0
2.1505036275730864,5.142270358611864,3.0735388026426635,0
3.9112345509496347,4.727543170100711,-2.058536467462476,0
5.2218451794197325,3.436323669674032,7.551548634261085,0
2.6980128451553944,3.0380034781682004,12.401533544532562,0
5.751396036691344,3.1200313267182613,10.716839058818312,1
3.79872262016239,3.6135179727304165,7.628978245823877,1
4.416612500413446,1.9772074348015944,5.525091443103857,1
3.796586775541206,2.742623462576655,9.421367789911931,0
8.704556369017876,1.3314159261224106,4.079361400886594,0
4.973005550524132,3.3992231226052794,8.429073308068658,0
2.8845781420881993,3.647195939702741,8.51641047749988,1
6.645089824206378,2.516813537700626,10.18062972249664,1
2.5583127000579555,4.573986763290033,15.278980116733234,0
5.4177271900095105,1.7742343369976588,8.177247901536301,0
1.0806597522404489,1.5356251197901798,5.473109122877504,1
2.343627902203139,3.224451818559972,6.923277063424017,1
5.393722471738247,4.047098302612154,1.6927722853326452,1
6.476933159990821,4.6839276914578685,4.915860606732825,0
5.342736562379941,2.5411157371310598,5.7721526856606875,0
4.768703435223519,4.078680833431296,5.427734806196223,0
4.3977926088214225,2.9614915304992926,7.4570646161011656,1
2.0429560192651453,2.8273727000591804,4.5327402028533985,1
3.5603115832105825,3.8836599374866725,10.363092001973413,0
4.078722458080425,3.6523228784134196,7.000621194754591,0
7.114244452437831,1.4236078430157506,6.972099036584157,1
5.687236579136923,4.476540349725896,6.016315850461247,0
1.473919689274532,4.380091354147451,7.465572051576937,1
5.64816793878959,2.3744372984904705,9.475294794002904,1
4.229835439167367,3.395803533437409,4.3986093528672985,0
3.6461559993880828,3.494030186282739,5.02565053277423,1
6.2233525776817356,3.260673765823907,6.088821913670006,0
7.061999044991902,2.4496948461545798,2.9623872295803553,1
6.862560238232398,2.3283766320619486,4.542226420835506,1
3.3215649535547227,2.9744459290085548,5.571337379366023,0
4.381575248297571,4.172729019259364,9.623167542138184,1
5.662526862807128,3.5436001545944324,7.787683987005775,0
6.951090254244718,2.629385667913894,7.580769734102633,0
4.04165152430942,3.771698710648345,9.552693886503917,1
4.628682046672366,0.15145737936992454,6.58788463480181,0
2.7873300519879436,4.1487657003721035,8.171394549786669,0
2.6075867518386584,1.2602862212219004,6.690334741202511,0
6.625051644788396,2.637559058596868,7.796087048198885,0
7.712480057141645,1.8803301053738561,5.251724027165254,0
4.855979756839332,1.7053185242790942,-0.3164514748292877,0
7.007065795784048,4.16082678737852,6.597162513441088,1
5.723272050095268,2.5322987986881085,11.26824440829982,0
3.7097604907897512,3.346503881730716,9.778646206724776,1
5.722791211016828,2.953079421120816,9.896192453773512,1
8.076073132931938,3.4770408272231217,10.708392165418655,0
4.928347921780097,3.076821891060255,7.265972772884313,1
8.129287311628012,1.7170077758114304,7.591947122216787,1
-0.23949020817948874,3.99626681944714,5.1470443136969495,0
6.643805008750448,2.5062434168386876,6.051781431918851,0
5.174094136476342,1.443418101340249,8.847313449313425,0
4.401985299068265,2.5718848390340874,10.611653311506448,1
5.183521553071005,4.50075979063431,6.581661172957001,1
1.0248621707982144,3.8502217421134928,5.649432205445765,0
4.560656224324976,2.651347865592141,7.001583876569792,0
5.7142251430234925,2.6507422956815714,8.803620246787345,1
7.955788089483033,2.6783649487826175,2.6684355515993747,1
3.9634595634527052,5.076747983560841,0.1114571405882856,1
3.3830127942136246,3.3819354522315535,5.348389451525249,1
3.996485912830927,3.4300416471910697,3.3378627222575243,0
6.830804235404148,4.030283454031842,5.475579407058067,1
5.657502219319369,3.2387891590265134,6.556659043547586,1
3.9404795924659224,2.740957854179297,5.64025477293096,1
6.026534866226712,2.8036501509150216,11.357402603412236,1
5.194155098696081,2.928398740585936,7.98023429380696,0
6.937289981065779,2.962777763490158,7.901423078832485,0
3.5958938122452953,3.7276295436369797,8.866621432130206,1
4.3446757068044635,3.0519458858072994,3.5835006466576926,1
4.215783693735685,3.732640077215579,10.117335362260807,0
2.072970103735763,2.9192834198914177,6.772707140393621,0
5.592240554129152,3.0786351903160907,9.011441851723639,1
5.522110544359778,1.0017993154678924,3.784428300879534,1
5.010226913284922,3.9163276747024813,2.338723701951807,0
4.530825733249706,3.346488475897993,9.453668974075086,0
2.1692585158991715,3.9980101098596523,8.12922857829255,0
4.158709354469282,0.10374462180631072,4.293845336927468,0
4.314570966946461,5.088374704780728,4.391010756175917,0
3.395445461556762,2.8604103718448264,10.376304353244308,0
4.677428576667982,4.108182816737516,3.4317643213980165,1
5.8081017136290765,1.9600940728744691,11.92801885976789,0
8.77237180242106,3.6127739050625696,4.298137796056394,0
5.349155625663678,1.9465844368263439,8.91517577682515,0
5.515100781445529,2.3762310393041948,6.014144572753046,0
4.851108168467666,4.914031353866786,8.80956229324703,1
1.162457569401917,2.8093175992366533,5.3676579936574225,1
4.946972249101567,3.217432873179723,6.511621281783118,0
5.120460419882053,3.870067730688754,7.122757526187163,1
9.926484224970572,3.4956818879726046,3.993437632655582,1
4.615278070437755,3.1504189051435763,9.222473036260379,1
5.603094684667225,3.3649610024662255,5.460359300585244,1
4.9305764605895135,5.403415585238275,6.314200253979944,1
2.662643924760936,2.9423812029664145,4.016951876174463,1
7.285645629030041,3.2010990467149676,-0.6870009763859315,0
6.503866065373549,4.050654396007612,6.426916712199493,0
6.582063894086094,4.105525932957984,14.237846264838748,0
3.181225090410522,4.187030305560381,9.35381286369407,0
7.805588621872198,3.6387302220291846,6.9422188607968165,0
2.1962978744154382,1.8569950872695165,6.211327512375197,1
6.173714187600541,4.6334315323010955,7.067397678436139,0
9.380911251619956,1.853654606981312,8.64135734552563,0
3.0189273497386235,3.302635465239033,3.4575615540734654,1
3.867404540794456,2.245724149980642,10.342965084006616,1
5.199302730175282,2.9358616534070077,9.146143946323733,0
3.9930486917676014,3.3287624103034803,9.154557177123802,1
1.8986731378677346,3.321357215450273,8.315427216429182,1
5.137125949612055,3.421920754235285,7.05884997308197,1
2.8753925725477902,4.613711269058647,9.01858370790046,1
5.9471848612703635,3.45353430151398,8.775442401224135,0
3.1611515315323935,2.755843364709351,5.937877867176929,1
8.09986881003508,3.964087168288357,5.279194681309297,0
3.4334934153275256,4.18947048892464,7.30556888578596,0
4.355876967588649,1.7723921848630075,11.647060454485562,1
6.62703443473934,3.597400069849858,3.282678773038297,1
2.5382713671320896,3.701172742310898,2.5974242027426797,1
5.4549198692082586,2.702436496640008,7.4942825237095505,0
7.614285508564857,4.37570681331162,7.152663105568054,1
1.785033530877545,2.8499444129674734,7.520024993111225,1
5.369267717064608,3.1255764534715422,7.731859593725501,1
5.519765588496847,2.82692817571613,6.330393236095585,1
6.563645743554621,3.0155790475814674,11.469590315806247,1
2.526098578243836,1.9037249131047982,2.1972880645704533,0
2.3590867738314474,1.5599491174057056,4.514508925659262,1
6.0438831312337955,4.594505063224972,6.690235719552858,1
5.5939693464663724,2.153038651681672,2.070433566537498,1
5.5009857006917535,2.0086076505436927,6.472436786703787,0
5.692896418993952,0.8466098863962852,11.984410497184054,1
3.6399505568430186,2.3610382523104976,7.0626594648878855,0
5.464507394322007,1.6769102065925017,7.69210271715605,0
5.586144946597362,4.642015160136369,3.219505704482259,1
3.571297163947264,4.009817089342635,5.150915775881567,1
8.731549022289514,2.311849654822276,5.874410859028189,1
5.947665841823575,5.252435805344309,6.0468547097312975,0
2.617393005594703,3.9817654869915944,10.844931385011307,0
6.313107217267659,2.6751686164913777,8.673073182175374,0
3.050636659545357,0.5005942851264269,3.665626129188904,0
6.574169207484904,5.290942572590742,7.739514335296015,0
7.317191158014808,1.610427533236404,8.494665245490356,0
3.358635363296579,1.3546012530431082,10.4204471155638,1
6.926752258488643,4.0225704320096405,11.74162205970512,1
5.825561853872997,5.439752406339273,3.954717424516394,0
6.64412031998898,4.384272818510518,4.5674274663689856,1
8.793585965307894,3.56390912005236,3.227266423256151,1
4.509223767994259,3.594754341665286,6.297940422679056,0
3.492527671285021,3.853415558780308,8.399075123339003,0
3.2209711407489534,3.7589285897867653,9.962003549767307,1
3.3683794300691234,3.281191423969376,6.772146929072432,0
4.845796581171792,3.104201103951876,6.0404574302354685,0
5.682303949633288,2.937406872100478,7.455273976746221,1
5.553381598660038,2.246035411133324,4.494571295109931,0
6.654366498072047,2.719324923133226,13.268616165084321,1
5.026003783755814,1.3070431858046145,2.1770169186458244,1
7.907068154314634,2.90166037320525,7.554221736687174,1
4.470686333524088,2.0114088928490825,13.070818657688918,1
10.440338333179238,1.896410682784229,7.020399533679993,1
6.251334695530012,3.1798941511534786,6.429882894995517,0
3.285684887167435,4.392002286344599,5.927663731568718,0
2.8582150038777754,3.918316606002313,6.458824954712776,0
5.96494483048637,1.429499396376823,11.118545424029591,0
4.553074429348298,2.0103718634296626,0.3644142660114795,1
6.428000988184184,3.940771187988216,11.600301103888977,1
5.94647524914709,2.0175126064616906,2.7281285426495643,0
4.854342174686255,2.7753668500029756,6.200043012296756,1
3.30641256386319,3.550052099024552,5.712266739104015,0
1.9703055506282707,2.0316555451363647,8.76565980931216,0
4.106970095865957,3.10537550614596,2.205626944348757,0
6.712797588646945,1.6659745050817956,8.386517998245829,1
5.4281874882604075,2.398632356048786,13.072928869860558,1
2.508522442576024,3.319781934142537,2.9104779862215686,1
5.346361851702364,1.4070062664683307,7.569118502831187,1
5.770634759457674,3.440474737960399,5.014053466610173,0
3.2322851275977342,2.980362201073319,8.277661618579106,1
5.307450211891056,3.5524899544171475,7.0574433322472565,1
5.116417436892,3.2239141340646613,5.075539272867071,1
2.714059404338754,4.364140429973844,8.463616854613221,0
5.715574720696567,3.125224502647907,12.413044329360229,0
6.121569052736469,2.570594458874747,6.427288624818104,1
7.166102486350554,3.122297503032284,9.159273826444545,1
7.1076041040698055,3.543298029036388,3.120181126386509,1
2.244661264085818,3.0488600703257043,4.130690869545974,1
3.124349920169754,3.040591691203882,8.417218833641133,0
6.0300705344173195,2.298008312193245,11.452348085607895,1
6.027571901824418,2.337099082449052,8.06684004635698,1
6.030095372612096,1.5973947282003065,6.060825908430537,1
12.705462981309442,4.749576743186939,6.997874216270063,0
6.141781021386334,1.756136764608715,3.2487767980908475,0
7.271131280361198,2.3070948022040927,8.8135459790661,1
6.908003526986405,2.2815927344308027,9.646999186970227,1
6.302782502611596,3.8949243769444415,5.643729001500759,1
4.369461510719309,2.705050321707972,5.589873556721495,1
6.517938440986535,4.247742072673734,7.797634688956146,1
3.4543495709248564,2.3265093757561317,5.689840791878213,0
4.526362786519982,3.278994162223802,6.801602156122533,0
4.029272904341793,2.164652946740243,13.299165367499546,0
5.163748278772645,5.145149127773388,6.25892289776201,1
9.629317133347017,1.8124015809704872,5.924979543936333,0
1.2654696148165039,3.3098207102270276,5.057374583094522,0
6.372520380749027,3.6337768809320985,9.23257591449981,0
1.7745682576206967,3.4137990974514985,6.456327480345691,1
4.056136268421133,2.814712341122292,5.051880885035722,1
7.177901193934732,2.8701793002665736,10.963912096819037,0
5.128560038190925,3.0438114719791094,11.258809013540912,1
2.8445104441413878,2.8529979983715115,5.198729302783884,0
3.5693925814800638,3.9638791167949097,1.4003801459181515,0
6.359195497869352,5.210523001591351,10.022541069510766,0
3.5392667365657267,2.4425082149921664,4.946110522719988,0
5.43291717916395,1.6301970204209222,9.371876797488305,1
5.091143679807628,2.911717951648745,1.089688546864494,1
3.6967993047883656,5.579709337654318,9.677792014897928,1
9.28788817865065,2.196325432030269,3.3664842121576566,1
6.267838044636022,4.6391168054440675,9.192292357199573,0
0.9497148266847857,4.677700814076441,7.0428192035093025,1
5.3729086295388555,2.4464117582920055,4.138181741810065,0
3.676427070463224,3.5689830791852755,5.7788910612196585,1
6.704866669592448,4.628396623128538,9.058955370870102,1
3.4149585231345987,2.620872259012513,7.317683359345702,1
4.770527117066202,2.796419639897638,8.753238941417452,0
6.0099745579609145,2.418319086051356,12.929321753546457,0
6.731510388340243,1.9852432693071331,2.307275164866846,0
2.5994071858884475,2.350722454933993,11.85163772490587,0
4.330997528318103,1.7760597332377435,7.3130678125696384,1
4.050109377678088,3.034083468259226,4.303647855030615,0
3.693341534852576,2.230026768941358,3.0090591227830306,0
8.530908480562193,3.233785911790748,6.4326388276688995,1
5.809963421921911,1.4441043537963727,9.764950335773378,1
2.4782320913299096,3.330880232214457,6.6173526388673976,0
6.835723894109552,3.8335289616089248,11.533464790742043,1
9.244312394025266,1.0062643574285446,2.6464729298453236,0
7.064930521102294,3.374056569847572,6.963733156461836,1
1.9612600680919732,4.227668992473292,3.242819666760643,0
4.031531854267497,1.7903589813087946,8.090895647874904,0
7.533822298373245,4.672572386837704,9.6606621702919,0
3.5846610687624385,3.4190190093660453,5.73771461895684,0
5.887638856292456,2.294988144241591,-0.8126415698814027,0
6.5492681068586736,2.9442309223422938,7.596844440389484,1
3.1461390568438343,3.5583269125217223,8.310215655200528,0
4.8809492878764,3.0760053914124117,8.212884264885092,0
-1.4825346801381452,3.538755992446369,10.707346575466463,0
2.9512247173314203,2.0793264069206336,3.7868389610528537,0
4.494863697213679,3.1693608240360778,9.040648316351348,0
2.504433636070301,1.5862855030950198,10.577522537433925,1
8.26482260786327,2.8887739386513,1.6642372479804495,1
2.1397172440787346,2.09609235853521,7.958955477756931,0
4.119911026606032,2.264470057410233,5.487460506976985,1
5.2614811545721825,4.236093175210438,6.755431980695063,0
7.8825465781322315,4.091310120594269,8.043029450615009,1
2.1282756976411212,3.609138120907177,5.538314307659343,1
7.326327504309919,1.907687235327421,4.972875762515164,0
5.020466122039174,2.683591550305198,7.102457252464074,1
3.036982697904098,4.213097699979183,3.7382621834115923,1
5.924206948526542,3.141716913639905,3.7425246133444436,0
5.39811939114694,5.319329539981695,9.03811984886951,0
3.799566245682411,3.393317839394372,3.5536178945240318,1
5.139604169980037,3.1920491164900318,8.998937502727635,1
4.22937280627648,2.6908835357974987,8.387773878561854,1
5.227034690502496,3.1335409047822824,1.8225798136282094,0
6.324261349042093,2.847530163619456,4.967306042993035,1
8.172033632290704,3.7081086766885907,10.582328209142117,1
2.524369002346302,3.9567023167945843,4.056503406580955,1
9.266066749312532,2.2140105394920506,5.606787213071837,0
1.0958244009549962,1.668767046442222,8.38618267975569,0
4.6964298099288335,1.1637946268967034,9.350171527847786,0
6.176634412969153,3.507991326912544,6.245383341866513,0
5.561983735470065,1.8966333938261264,5.207469415925075,1
3.7546009603588124,0.8471094070475171,11.267109585095522,0
4.5837554992854495,3.3885786045309643,12.216698991392736,1
4.013998130682334,5.492999517432791,9.936574152345386,1
3.821270486111577,2.993929088460107,7.255954427695072,1
6.699204194042049,3.8384907744516417,4.575202835077221,1
5.714030971930095,3.081829358547565,4.508666780330304,0
3.6141808094786914,2.9011103468088573,8.567542315797272,0
6.799199750866501,3.9190764829877685,8.255194662666051,0
5.614599041753219,2.709725455811349,11.204795778839287,0
6.62572423767792,3.267392314071903,8.951350277608418,0
6.259257683847224,3.3216978061960134,2.490759094720546,1
3.3420099781558554,2.3319095463569512,10.155842853168757,0
3.879637919606061,3.992042349536523,4.005818118056761,0
6.494587210246523,2.825040243304591,5.848086184142945,0
6.22074053086693,2.244254840507155,7.750600618755083,0
4.958196812071704,3.5365098435704034,12.987002469351893,1
5.234654766617564,2.101532018208963,16.329755668016084,1
7.55532979157685,3.0281811573691284,8.820169177408548,1
3.8168572223283403,2.9908810033557964,6.450410143838837,1
6.094194762340075,4.085895565831578,8.603516945441651,1
4.595614695132212,3.4746982328799527,9.662966277621507,0
4.56463759354556,2.9749730412548563,6.037997123328425,1
7.19755370397438,3.817766299200287,12.385634067736966,1
6.6508326979760595,4.390207549017314,7.690212277574206,1
6.627019272001277,3.557810306351862,8.493229267274183,0
7.610957614308658,3.0103526198433808,8.997772756163384,0
5.042007683265518,1.6881637676498404,8.264759831843367,1
6.363905942589928,1.9348863369246274,9.516821501408836,0
4.379466486813088,2.694775295645332,5.14824044035923,0
5.648332704976884,2.390487797840717,5.3250947381619085,1
4.739713891264631,2.813028697014554,3.6995373010849155,0
5.193991929985437,3.056649924897107,8.318503691860679,0
6.190314050873827,3.5296927543567307,9.336809510536343,0
3.3635586335330547,2.929501221940909,8.373318598455658,1
9.184774551370921,3.4865016438262018,12.023477300042611,1
2.987965237000596,3.06447441481012,6.983211943512861,1
2.5716227744245357,1.0245334336461287,9.006224966777538,0
7.316221747000135,2.0606646061812457,3.724897371582057,1
6.583325387925871,2.8559124442783848,5.838700892576797,0
6.24823963410431,1.7903052571588924,9.086613272697333,0
6.25669101852856,3.5999287299962046,9.547306332229432,0
4.975506454306171,4.530750832343697,6.118099157007453,1
3.2054912570283367,4.218761851697317,6.7852022444258,1
5.151609116387453,2.786557129069792,2.4463787599575717,1
3.6456765769757764,4.490726136849952,5.928912397580172,1
6.9502394668355025,3.1486674572021114,9.671149490559358,0
4.705885236995723,2.6629140288819606,8.7256150483197,1
3.349005606414977,2.3865973364590602,8.50199716414363,0
4.357228316694013,2.6975303135118716,7.149321061542881,1
5.825862908551248,2.6118231814587713,7.02118947588453,1
3.8725508943920506,3.1704162223754877,5.019036581579659,1
3.3555592088671373,3.1605739810498648,9.096485260607604,0
5.487374422983825,3.0030460201534144,8.26291883316817,0
5.4899331422174455,3.43693816974635,8.476056543978398,0
3.9861136492577405,4.190646274786341,5.421895471997258,0
4.057923388763355,3.949554135441324,0.5399712403862669,0
5.464099874715273,1.5151020315500965,10.291458135261088,1
2.1038313170053518,0.4460788650980452,5.5634876319747875,0
2.1850724512468895,3.9343199112392737,4.411672707870638,0
3.563111557495128,1.633121301584579,9.08043673574198,0
4.573105696576306,2.7752345981073163,5.823962080242611,0
5.621815131196009,1.8298869739406405,10.179809152139866,1
7.950712433899104,1.1980195624199803,8.851017848730093,0
6.7153192464040385,3.541462728204788,9.050707969601433,1
4.680122940073145,3.759155160302647,2.9021328663983974,1
4.961967584194622,2.423489599273281,10.635831956159201,1
2.9949412707243823,0.4089577078550901,7.783751593701568,0
4.96297372801522,2.453755551747517,5.892168582261391,1
4.422682722159723,3.3918040054025465,7.430165402026753,0
5.645437120676179,1.5210884312258712,1.67129430130504,0
3.345538112895354,3.1833599197791558,8.225958434442013,0
6.038693028482345,2.9846901508270043,3.9118854754537855,0
8.065477826005155,3.5792914996010885,2.9419891424693967,0
4.782479703086285,3.1195803684141534,2.432922441346326,1
5.8034234441978825,2.0269310591184446,10.338065124969775,1
6.380287983422225,4.196571501664492,5.112209818921634,0
4.197559056228328,2.84147042697303,11.601183129749497,1
5.448184963620833,2.972695460490068,5.392595610843107,0
5.02518480156359,2.066732040926804,1.8779261272211603,1
5.195352197097663,2.55671774880849,3.6504266801540224,1
3.4539804322890673,2.115197285973099,10.707434860020816,1
5.049020348517885,2.827053940076577,6.532305466189998,1
5.9959965824909,4.7117084801423434,5.355138110528197,1
7.902287215590084,1.6280988570686437,7.480054677558363,0
6.918541652170414,1.3864386021232589,8.505348208502635,0
9.306364915023114,4.471170327493608,10.352196447707382,1
3.465304874223901,2.790676322848134,11.34549768967878,0
6.744641273441356,2.3309272613400833,5.920694062632743,1
5.366684011476703,4.039904687396076,3.021856941753885,0
9.379605866435345,2.3943844602631357,5.759604516630172,1
3.383403429289697,4.826009713546936,7.780841519748659,1
3.3205563156384477,3.6779258713392693,4.108723221368168,1
3.8012147091119557,2.5120885918542974,4.128547255314871,0
0.7522085513803862,5.1573082132655035,8.031363644649657,0
3.948489956638478,2.3942850769966615,6.854042945288646,1
3.481734676892604,3.742095372009307,7.09839098623476,1
5.300787572952415,3.299292580406492,4.724513995899791,0
5.683511951554319,4.301741289398798,6.308797857382698,0
8.752341678431772,4.561511196726853,4.227300567195087,0
6.9008476763721,3.0320041490657665,9.67059523337436,0
3.8461926886751936,2.2465821296538167,10.105748004171257,0
3.203170657303284,3.4599721429391166,1.4614364132857185,1
5.983838343013011,2.3222846302478937,4.21146741942277,0
2.3595335859587157,5.013387247526623,2.5104122347297633,1
8.662917531708707,3.1365353310827375,5.049928196779305,1
7.358880241442574,2.6346784486878914,6.749686090628917,0
4.06164869579059,3.1846803058649082,2.6510643409044095,0
1.573730941818245,1.6528737104703035,4.234420560624061,1
7.707744748330826,2.0283859614893487,3.9881278837555048,0
4.770920309494764,4.200413907944426,7.6218019881968315,1
7.4756326239469235,2.3431057210286044,7.208033011108752,0
1.8111446824112658,1.9530890173180604,4.834787339988241,0
3.8012499540924543,3.536652752527286,7.530462616418194,0
5.010487399436366,4.1857041546629965,5.359959746238204,1
5.093961187529484,3.718953310665067,6.1850346690218405,0
4.099869057041513,3.9960476858058165,12.020356270895611,1
6.2456998646949975,2.2432049114305395,11.021383155371044,0
2.8647591412348112,1.5781893332581562,3.101256289217207,1
4.715241029957413,4.501333651955487,9.489197253637524,0
5.240591263423798,2.6773201611578643,9.434189663474776,1
6.028877668117498,2.749166983544953,3.555210133742145,1
6.423229756177779,4.328194141849058,9.456332931264582,1
2.7507158163242615,3.55623000940066,11.613795755237659,1
1.9317716585287554,3.4558877720816077,3.6323655812667583,1
7.555353643797018,5.165002344901084,4.2474915369572095,1
5.6646280239591835,2.3564817696198572,10.052984400530507,0
3.5030269268868928,3.927840128081237,7.814485932476944,1
8.102303951045046,3.0570131248970847,8.65442882571857,1
5.231349268585717,3.268592278863257,8.02176764920149,1
7.358594368127653,4.528468426412532,8.172087762784432,0
5.135036962820218,3.507835756289624,3.020583615066751,0
9.121495849763974,3.538296079049633,10.141953119864345,0
8.510681684886409,4.072507337309802,10.50876997728332,1
4.502071703041853,2.6350472704571146,6.311827767795917,0
6.943141901908711,2.1607903326609934,6.869569150558413,0
6.290751899170295,1.9551908059789664,2.4066774923328333,1
7.737263115064698,1.0336434106239982,8.542764268053505,1
3.070153078839791,5.056207129940322,8.716172325142432,0
6.372102919996879,1.8967916342783169,6.813426949002067,1
7.116848973699176,2.778746376414228,10.373060079611509,1
1.4825210271537714,2.7231867001110794,5.997768307060179,1
2.63348297466845,3.3074066978091006,8.6938177776808,1
0.9215356444797989,3.8157372125392968,3.9410069839236535,0
4.461186331110884,3.8604734883597454,6.929343547377286,1
6.435084511591924,2.4169225614310617,6.476937226291493,0
8.004714104192056,2.8328782862135884,7.675923766122825,0
5.14818956083955,3.2825799504882998,5.891419213499924,0
8.257231091142584,2.751308873816453,6.605582212984997,0
2.2397970835702172,4.607345576019993,9.47814151432452,1
1.5932351212896907,3.4909749516382513,5.689707288285348,1
4.888904602206763,3.7348777860498172,2.180268697783962,1
5.768130897878614,3.662881268667413,12.248751712616261,0
4.934610503811814,4.173473857485325,11.144362236071458,0
0.8651157999202468,3.1810215587037067,3.123211914683144,0
4.821759920974423,1.7031680520441534,9.069123415735582,1
2.3910609989902936,3.3996879517526417,5.491075688345971,0
6.339345097660077,2.348643106208171,7.790461645993179,1
5.733196492193697,2.4713833182502434,7.882672387040481,1
3.1202404273452897,3.586364018755093,6.296776599051034,1
3.972266165326613,4.238283071433636,4.6487030032408105,1
2.881572956222097,3.0212715767360616,4.928376843051222,0
4.874641805453656,3.3088330125989636,4.251424253556273,1
6.910284641002477,4.702214944635238,4.504533375308666,0
3.0285479073289125,3.2407531794885682,6.798465129851934,1
6.008093031035688,5.601683114180394,4.852720032667745,0
3.9394847632551184,3.5655096456315443,9.04615619713786,0
3.4142543354753117,1.2392372408441823,11.461738466007782,1
4.785939280090885,3.7533416211045325,5.2598402758898715,1
2.929515355161252,3.3811583848827778,7.718213501606131,1
3.892701389305636,4.289752754082746,8.499055330908801,0
2.604244214822303,3.6731813512699585,8.416006812757823,1
8.929450265832779,2.861544016016226,7.227865803748262,1
5.070527103943458,1.7757017637106343,9.228047255079167,0
3.6005489840148286,2.790976742713975,8.446746858041971,1
5.427959821468444,2.1494795457907,3.2870127330181065,0
4.77534390061834,2.4194765501952773,9.607468193167819,1
4.558060800933554,3.5885784044206095,9.661872511800226,0
6.22833340008685,4.669904504351406,4.710141687464255,0
6.51501542009461,3.3946715298229813,7.113813506342806,1
3.938997704778945,1.8041169379648156,9.049986978433209,0
3.8483635187106398,3.4446026682201407,6.372058541261915,1
4.449896605696712,4.196631486645651,10.218934143298036,1
0.39615767052883033,2.390217095680618,14.091617483858082,0
1.9696178756028955,2.8659828333270823,4.642041902095053,1
7.733748534889049,3.0146881947291972,2.8568661905386756,0
8.289935427002568,2.2151016869177598,7.911455786814627,0
4.501927920887243,3.6482804338438592,9.16468751537843,0
6.153113926111533,2.8790518513922185,6.307400878465693,0
5.622500309087072,3.419532443907028,11.359781989963103,0
11.157761616910475,2.1125078221979,2.9841826008302537,0
7.2391498228691535,2.5625416996765895,9.078755869094834,0
4.744164817038467,3.7223813578277714,5.18241753772332,0
3.0889191187991485,2.627166847908233,12.15813371862189,1
1.787107359484855,4.726963851233405,12.977546059504355,1
5.406927271734446,2.6003638143853975,4.7000302366499564,0
3.487298509431393,3.224684725751886,5.3513285922742595,1
2.1554925808046517,3.9325908318730898,9.578763660939405,1
3.7068542315149466,1.5816342670669683,5.838608050631456,1
2.83690399277121,1.2391911880192241,6.863766346203286,1
8.37428327014513,1.4743436854299052,7.076165261627231,1
6.763279513898901,4.262584103427182,1.2409805314070308,1
4.9840547173667655,2.4481418541075533,6.958486761717288,0
7.959888277780052,5.558199285668252,4.930816677807479,1
5.154736615295237,2.4357524013426115,5.520631532800683,1
3.2774315973434724,3.184551303197037,11.330896010406443,1
8.046248154539315,4.542109952567875,3.230479317162231,1
6.077820087369317,5.006092888159123,9.439615560243933,0
2.925507691347087,5.061503576636397,6.163111209004574,0
4.619322643832784,4.208366230593143,6.160719494512497,0
3.2487634932304856,4.024062525811463,9.371115688155134,0
2.234400538071328,3.592526949201183,8.020153883706671,1
6.852355095063283,3.7783610761666377,8.711838991658592,0
8.818833280940261,2.4488142836714664,9.904553981598584,0
2.2028648523617176,2.181801116577693,6.006074850450032,0
6.125938473381142,2.996625542589048,5.163289796476749,0
3.698714861756346,2.8298153774750716,3.7445484203266055,1
4.0257492324706075,2.5467719506727247,4.523768410063134,0
3.8152121515222617,3.6963874474567153,15.847283275926175,1
3.2720184606403677,3.9553052085705107,10.73403874221036,0
5.097043255889654,3.0884068862918475,2.9467769013759355,1
3.3380997671779244,4.477530081055262,3.0326261297692896,1
5.540913651559678,1.858310885866495,8.445598185155475,0
4.899523781101726,2.806340540720282,8.641794392133901,0
4.522103906267181,2.283177679397195,8.646651505952093,0
3.1848726759168042,1.13346338292694,6.2351326193389065,0
3.8464573388633347,2.9173193141573006,6.623637219991299,1
6.510782451651512,2.8782524916167165,7.983638572478072,1
6.0018343752487615,4.5134497432421306,7.257679018879991,0
3.044889510402898,3.6308116845547778,0.3420988817573942,0
5.198664610858452,1.975813175670795,6.310601108274419,1
6.502774246743578,4.854092566334188,4.445780697219059,0
1.6611894377572565,4.221033695525353,7.525634256725536,1
6.08672038475987,3.582097703468616,15.95577700781023,0
3.674752482108307,2.773515901150168,8.102444996422914,1
6.141197337186319,2.0405607632765204,6.059410941482806,1
3.4734816869149663,2.627793223928947,9.765404505931757,1
1.390235798670962,4.088748619704186,8.448063661627637,1
1.7449151242336747,4.884586305934609,8.260283471355525,1
5.096169893322764,4.543243528272189,8.820551779647014,0
5.519445003442963,2.511150578213726,13.169630694488625,1
3.191366749791183,1.8803825667109888,3.607334694022253,0
6.277184917554748,3.140886246911204,8.420896230434364,1
1.6769598754620803,1.2315606344371484,4.220856610055385,1
4.867840402705367,3.3231677141847813,8.666537939026744,0
2.5779676004750867,2.8523974137013313,4.243940465541717,0
3.696327784395682,2.5339634981317576,5.747899559184747,0
5.094797342632828,1.4052969327332046,6.114730257286281,0
3.2791732694320954,3.5136001065697164,9.927450158034127,1
4.230888911540349,2.4672991603380887,9.75536333182724,0
7.012585618428881,1.830083164289712,3.2628478706608464,1
3.8462162609537023,0.12773778671835068,7.164802332999546,0
6.671384224130284,2.9724850949493637,4.8712604357524825,0
2.740586290684764,4.772251596669744,3.2244852679739964,1
6.059608355830566,4.66125921454787,6.348948848726889,1
7.883137241315801,2.5429037434137283,6.074551634632541,0
0.056710999745421375,2.3977879396382193,14.280149459036567,1
3.406209489059046,3.4687742560750237,8.298879476082089,1
6.15414425436108,2.0016145608117086,2.867147497737288,1
4.593909227914015,3.3017918998194657,5.305677987487173,1
5.742291746742618,3.76608027838469,10.064149886288195,1
3.792029626568359,4.226933223884307,13.265328318609775,1
5.1731795749458,2.899845923520047,2.2420500632861255,1
4.688645529215841,2.796326249823034,1.360226844582865,1
7.335564123319615,2.122017413243439,12.612895526115347,0
5.508841686602426,2.17311964596014,8.168842532112711,1
5.675205324150404,2.7735211080984734,4.3951218043709,0
4.1762460677550655,3.367365506816178,8.603887258367307,1
4.024787551855013,3.9135846262332494,-0.9072432170506328,1
4.134883624360758,2.196821049319655,7.010126519791483,1
5.788904284756594,4.4926885689595215,7.9834635185292555,1
4.158031038359474,2.728876398957431,9.772810418613489,0
5.579549713792826,2.978632705651564,3.958312143122387,0
9.150801597290878,2.2527883208521766,7.257061484210077,1
6.742249406863385,0.5757597397270584,4.2237261218212385,0
4.347952935664318,3.8840453963610497,7.766151267022951,1
7.40242784432789,3.7368438970924336,4.313961032910928,1
4.183849253956897,2.7186724428817866,5.775697482519338,0
0.9237509296442923,3.066990717224872,4.012553815629313,0
2.983827378165192,3.5159392177040996,8.953408725470972,1
1.2584161579482886,1.4374541431134573,9.575353349969996,1
4.296973031917383,2.4709473226537053,6.296138290127758,0
5.036836758379104,3.7942646796218273,7.114713984880085,1
8.352874624550566,1.7457105768307506,2.6542257560993674,0
5.653854747528325,3.293557932166629,6.100970055979639,1
4.561798942382271,1.643418195376595,6.849386148874766,1
6.658811162366979,3.4664299824335263,14.862379273089925,0
0.5777293819842297,2.9643585177025162,3.664098922677509,0
5.471229116217132,1.3848681840944905,11.392531716257313,0
6.541730387773933,4.164739354457171,9.990576320397423,1
2.042827508440317,2.2654084232019507,7.841909213470409,1
7.287508086413858,2.189747562985619,12.2758614525854,1
5.676992814988829,3.200569197230943,8.116316417820588,1
4.169424172198397,4.148637349428715,8.167477587003786,0
6.26556373221257,1.984178181021603,6.840638040947364,1
9.541385715608792,3.061679849847972,10.670706647255884,1
5.36373251011699,3.428816500330573,10.289407701432651,1
5.496441172600672,3.693105607263144,5.1229681375113625,0
4.081278200919511,3.176441555277225,3.0422584162036976,1
3.3003112610704166,2.632972160916678,6.391058087813029,1
6.660671633088491,2.1724097793512804,4.599884306807061,0
3.2878323481822656,3.0861438830463745,6.809426276153935,1
5.143132474438785,1.927860988014393,10.712314404052417,1
4.044685106469767,0.07864951650539265,5.62809503473963,0
5.957959651492784,3.436559804157668,6.871529856065275,1
5.667324210573897,3.9039348410861954,7.174068204425185,1
7.075079888515798,0.6370675644581616,9.545292646615854,1
3.979967202290506,1.9902692952900625,0.2593319980461839,0
4.460250129413257,3.619154261005198,5.17989911570411,1
3.042472568435385,5.057495469711698,7.633851076838418,1
4.111413479847776,3.020793707675408,10.600236869280584,0
5.754600986089704,2.2719970587708653,5.524292657481384,0
6.513977233290704,2.81710355889516,1.3703418818743778,1
3.1556693516447494,4.374876419148185,8.859134337898409,1
6.73921184021132,2.3540358208754646,5.093912833523111,1
7.711275717609902,2.2008079933497466,3.431000022728916,1
5.826869806447402,2.5172564778179676,5.126963830860328,0
8.753591625116131,2.0466713917412878,6.446423927032451,1
3.452421601792854,3.1226703159947955,5.185766006385362,0
2.510690593377166,4.62467845846956,0.38330182870279295,0
1.4425595021914428,3.3230792731160292,9.691198590661397,1
7.9920886229783665,2.7476464978737125,10.824625123836167,1
6.308731312708115,2.708188731084456,8.954565974018518,0
4.8888306581790895,1.436809191303343,3.58694298872555,0
5.5599372526396404,3.883109777147159,6.395525398157446,1
2.749021905403247,2.9221628029871978,6.9804360543116255,0
9.891503959233653,2.8195200864093746,8.79638316868573,1
5.258442363950455,6.19310756784486,9.005021466154243,1
5.218789589209786,3.298752908365686,4.797478603664513,0
6.451533247797384,2.2482089499048157,7.245986669240681,0
5.962018463473426,2.5736424037944565,8.371841213845723,1
5.447768048558263,4.148445709196755,11.3674669664403,0
3.4190510891093764,3.1132704105377647,9.11351961947417,1
5.942936714271991,1.5617220216826333,9.367170062126558,1
8.764048992950068,3.9192289345752034,7.2514798837880825,1
7.690840092309955,2.331855914461006,11.231377435610511,0
8.186373253278795,4.873297776217545,8.229288387878492,1
3.9775686471376295,4.0800480657146485,4.416736269479289,1
3.020790359482838,2.5526781043412488,11.210109910375571,1
4.748426159800704,4.281016361735113,9.093709817617082,1
5.111449824577389,3.0678555105274032,5.670867936614553,1
7.188383036941897,3.8527736751222195,5.56152109780227,1
1.6150707405703613,3.484732817294475,7.889726635422285,1
8.059100638921228,2.1536433450091264,8.389554385802754,1
4.683984202842021,2.356450167682538,7.59187679689362,1
4.14623786010516,4.029960817581161,7.933926020328655,1
2.975791249479665,2.665224667893459,12.099872123729142,1
1.6902866562684613,2.5963515367580032,10.214629456704657,0
6.646341167923829,2.0448774206506473,7.571906773795073,1
5.146635934376808,3.423599065593461,9.823931742302449,1
2.4200782005178922,5.062524919243145,3.902428289417381,1
2.409842455872768,1.9324670857457271,8.193781149840426,0
4.328430601419743,3.0242194566727583,12.42791904919933,1
8.338043050578786,4.412220555415429,6.345862313822878,0
4.48081729727279,2.920358608754285,4.4570982141427455,1
1.9937140937637876,3.452371796249734,5.043733334220818,1
4.508513871828112,1.9376064718531203,3.731100887972835,0
4.454552860504659,3.4283070972076484,4.645714275616889,1
-0.3937732858831433,2.812855734995451,5.888475704229913,0
4.8914102669643755,3.985729995679863,2.783298942464074,0
4.538130939582644,4.187386051564751,7.046855001848809,1
6.3924127296268365,5.589563642018614,9.706831521359941,1
8.69791218989069,3.5796331732135758,4.2767314595592385,1
7.253130059095515,3.3257963165821662,11.557851770925307,1
4.462222618890339,3.194384301577336,8.532376265582784,0
2.7869481825166593,2.6468337071893115,10.091741756872171,0
10.14671960649972,3.3384838434616912,5.026496338443589,1
5.118436868028977,2.7045985898609706,9.563575681199847,0
5.027858583825893,3.168460976269614,3.724198298814061,0
4.951749825779993,4.31759753560796,9.670742502509526,1
5.39616952153571,1.9934574347203589,7.515518019380593,0
4.711279176152115,4.139878561129045,8.659753659954351,0
3.8526759862395275,4.3171150673398655,3.4732161831254453,1
3.9062821175192157,2.881931473008921,4.314790473170186,0
4.934493459568003,0.8781451009914054,8.791684654760154,1
3.91315045773247,2.3921780129055676,4.154955987327398,0
3.5743084346456713,4.296994546561109,8.38961887629737,1
5.212860455383794,2.977131937701118,2.8985865806192628,0
4.490045565158289,2.0006977677050894,9.544522638000004,0
8.007985977165378,2.4952250787717825,3.302430055694473,1
-0.301939616786024,3.840620026504553,8.656899813038569,1
7.1830137038449235,3.5467335682013794,8.876892800938002,1
7.492170384995259,2.7610679008303056,4.909684544711276,1
0.8532195351837011,2.6331755881853125,8.74607970125418,0
4.314624811839303,2.608241850956178,7.7813267900006675,0
4.257118268008417,2.0775898155014976,5.383474431421785,0
2.1849766105643575,4.615375689469442,3.974335947771376,1
3.444366624818249,2.67767953078866,1.1121229249822626,0
2.7788483090683425,4.217158520825496,8.04895014189908,0
8.504540886847245,4.521316051922451,2.305591685913835,1
6.871356786294922,3.9983108981479605,7.286032598323924,1
7.543110189988317,2.5683796872819515,6.209655351753253,0
6.44334412808647,3.4037300903366097,9.037428326314586,1
2.7418964575655416,2.9758043936090837,6.093863501530407,0
3.9509594674404527,2.096298139269872,6.0116566409587255,0
5.978749122455836,3.3243592817216028,9.195612112864886,1
2.5557443822161092,1.8209602088401975,8.005174087252353,0
6.425996860344776,4.1876793884615635,7.948467871548335,1
4.5193492036837295,2.535382702701607,8.40780276942558,1
4.250358384900805,3.2011596558728392,2.393283630378683,0
6.421919936406983,3.283287871546142,9.270366039960946,0
5.88852662297208,2.741095026295923,8.837406382040808,0
4.278067668361841,3.586693801475275,3.9499506142705085,1
7.318659606728496,2.5250963433774753,6.267758578977396,0
2.8378733448002054,3.871297297457244,6.882078137117106,1
6.231871213888527,1.6540203197532515,6.596509646794802,1
6.186202515936768,3.1263795795464118,8.001579899705604,0
4.38090712137202,4.938928999058285,11.29410034549355,1
5.652266044484236,1.9996686753944253,10.245300183018486,0
2.497772847229394,2.3222550294751487,3.0633424197057812,0
6.848054038413802,3.513907849658915,8.866209970918145,0
4.630195727114022,3.179581781939598,10.986799958606229,0
3.954553958961921,3.3506300992735594,8.160425562067608,0
7.098018451673779,3.4891871301476636,10.272941275557901,0
3.5913126189144817,3.6347214685617697,13.036811337102296,0
2.1830774072728807,4.109699841956223,10.071128638320944,1
1.8867416529521925,3.4098186569285125,7.747925786925187,0
6.21201990269128,2.7587423453814575,10.13526542225426,1
2.439141295007434,3.6725737012027313,7.434663499290673,1
8.50958836396873,4.899881934895216,7.071709129854867,1
0.8361411842325559,2.8673662536174263,5.9457572928588025,0
8.392912736580076,2.0254706953293584,11.690240076496325,1
5.422034934405237,4.107080669286972,4.544714002173996,1
4.806573776259215,2.8796188360464017,11.597103174034348,0
3.9101618263821005,0.8273304539859638,8.499592371221114,0
5.798272228704142,3.8474216771504217,2.802081475594175,1
4.9247305951503035,2.4646718140460773,8.102947878974264,0
7.2066037640330425,2.9094667176958393,0.6999204770451275,0
5.228455297324079,3.3319803305690145,8.876524050493106,0
5.300603522923756,3.1904996797790663,9.655694448966972,0
4.272775575572288,3.7094518171390396,5.222932133043839,1
4.886108752557865,2.5645136294301567,7.370643087866747,0
5.615603537784119,3.513105798176083,12.86247230125086,0
1.5796632146867489,2.7404533224160827,5.48275988721419,0
2.303629155788574,3.738810480887503,3.8232772388301983,1
6.48652818804543,3.6153674840130536,11.444990207387796,1
5.341730876255884,2.0645612979554047,12.887761571592385,0
4.632033327294642,4.085982116175032,7.011087015543542,0
5.036867866130787,2.464036554885952,10.034389106225069,1
5.695163410723342,3.808057798281145,11.024427746592643,0
3.920480639381277,3.3672873134013406,4.772547302384848,0
3.4433905491953745,4.838183676795122,5.544082493896395,1
5.391690510195363,2.7765340176281477,10.692623539464204,0
3.0432544447699357,2.6506832038818025,12.055042836125528,0
5.816505511428944,2.9805803941122675,8.688642580523064,1
1.5948327915243192,2.6968202171657247,4.360556939493837,1
7.058311274651287,3.79994190194205,12.961183335098323,0
5.9451949648260864,1.383689391563412,5.407087306564106,1
5.5120594686277515,1.946317580853646,5.9945866564856445,0
6.965381967891028,1.932197078420807,8.027013503468865,0
8.330948888925153,3.9503075919735755,11.662481262144322,0
7.028740130036261,4.710613372581925,9.56192792965667,1
1.3182515373367094,2.8955507814625285,8.24459650108573,1
2.440846066528597,2.8311782768099896,8.389865590354319,0
3.7503628446086426,3.070052163113181,7.130544005930398,0
5.052182100421668,4.161878302608191,8.674418543555518,1
6.035318040938246,2.0726468658094257,-0.5886802330829095,1
3.548512373693069,3.238368982734785,6.110177622790605,1
5.373533528954157,3.97519762978243,7.723965804750343,0
3.489234135293355,3.5010941699398455,3.5469577491414785,1
3.7769643940161037,3.189581616598743,8.15896995343468,1
2.1866778063035555,4.001046092567141,6.386586337041635,0
3.1535335077781914,0.2967677070007628,12.26642709494647,0
2.2966307887673327,3.6778753195309077,11.719059175644569,0
3.0482534940453343,2.3459243168725763,5.6025832926455115,1
7.107283593215679,1.169367103143543,6.5474868652999145,0
3.1012022223361138,3.5112025995249807,6.778157303174822,0
10.26476412967478,4.373658545162957,5.645021571521132,0
5.9866358017617785,2.862551485372308,7.58507495208438,0
5.369672247389747,3.952874547202939,4.725153793337229,1
3.2832844396375727,4.612278257988645,3.608153995187421,0
6.4006197588179825,4.314914453584048,8.868133671700805,1
3.848724347524452,4.639964529371393,8.888588752665433,1
5.244019629290723,3.7421274910718925,4.587052721020023,1
10.12016907653759,3.075433638901593,9.686066292287798,0
4.8078802005507,1.3980341881028315,5.105266812504006,1
7.298546652571352,2.7539375118700513,7.759495714113943,0
3.593647149748225,2.1567534046838084,9.461032037837368,0
4.930023019006077,5.170942717497814,6.899162305888861,0
8.54160127127102,2.8241141875676634,8.364222736423404,1
3.746065884424465,3.1232048067844858,5.450711068337284,0
8.624897115993857,3.5514853760404677,6.410600249715708,0
6.415503870910951,3.0436024463724536,6.382421707358979,0
3.8750664482114647,4.695051040430753,4.760264960379283,1
6.264815478111042,2.377350638265548,6.469677510652653,1
6.9451088992534595,3.1946074552372425,2.3541451034087597,1
6.243619924434393,2.2575294143019518,5.526538758573686,0
1.8595505602190872,1.6799774887792942,6.145373519890987,1
3.545725648350263,2.3882309090947147,6.2314607425138595,0
4.504962728896991,2.9629632029515878,6.275507662387664,0
4.851133141799908,2.5706977754827403,6.814707400419613,1
6.241344195101356,2.307579020126144,8.438324554258191,0
5.355402001866508,1.5936825363281661,9.623551222397568,1
2.3293112825797975,2.916894427371305,5.050704319455199,0
5.760395702011927,1.4952796259689978,3.3903974338325664,1
6.221171490567646,3.7600559636896027,3.873866763270691,0
6.11958089586208,3.082439752934503,5.538391236415219,0
7.161561451109243,1.5424485005350694,5.944236046550473,0
6.667844309097808,2.6907909229501366,4.690011801407628,0
5.918360158456873,2.247843594409417,3.111650007250317,0
4.859668577082706,3.3191745104191805,5.631637517577436,1
1.6780781329680172,4.340450446023144,7.544279860341915,0
5.859236438265172,1.1248275303542554,8.785088397506694,1
5.4153753743262225,3.1150260791474174,5.327730840675036,1
5.543157674390747,2.8398672044333595,5.761006533569698,1
2.446502848359381,3.671340076450466,4.219905073458068,0
2.8378869191834752,3.2131966282376894,6.905682488875671,0
7.1063057066658075,2.248030668261181,4.454714097427557,0
4.92088969228669,2.680946064333382,8.7193834397236,1
6.363001394745249,2.203974143196511,1.642400524197667,0
5.056636752260922,4.076007138598598,5.921110982642613,0
5.05951227899149,3.0213116486719422,7.903322017575226,1
6.876567611951995,4.901190685753008,7.5515035489675135,1
3.967910543565252,2.939339186185379,15.07910099194149,1
5.192241553881967,2.291593233089537,8.049400073703723,1
4.075449422589915,1.4862856073871729,3.9878362094739694,1
4.131007545135369,1.196860323744055,6.713607258732781,1
4.381655753062721,1.4158640569945102,1.6712609996006442,0
5.444267543267426,3.2671266510114836,6.758200752109717,1
4.042502756673045,3.5087250232299336,4.500831828997724,0
7.511512251147042,1.4188092979678666,9.746170826680485,0
3.2107853955609924,3.8950383140761153,5.3513791762133955,0
4.626256711677282,2.5169389483165605,6.64970225261426,1
4.12053788345165,3.146793011985549,5.09332647578679,0
7.893955768707466,4.612220628255424,12.216554055559994,1
5.393109553023149,3.896839315865532,6.036271701646265,1
7.063689078937269,2.7314693520941677,12.497671130437606,0
2.028879253926056,2.1088077745847125,9.4424552863548,1
5.534100531738518,0.8481845986706951,8.446200182006159,0
6.779261591246874,2.28084668075758,8.106199441952558,0
5.164567978550848,2.7888697611723057,8.181391894648755,1
7.130960750130702,2.012820472848816,1.21698226196317,0
3.9654230997992554,2.8687430329076955,6.16334981754773,0
7.81869488037116,3.0768518829587683,9.535473913552964,0
9.5977962472385,2.7751440181919214,6.853308449577684,1
4.274322879120682,2.3499974191765403,2.7844304595892746,0
4.1089949571984565,3.1686546719667277,6.842786648267592,1
7.906768954235401,3.441940649569409,12.112316548766474,1
8.159144291461425,1.909600922557154,10.740675146604158,0
3.9542799456934636,4.41093237974627,6.813987971901905,0
4.159626365808285,2.9014118677157383,9.854347831174259,1
4.436430782278985,3.0188496229448476,5.900478938895844,1
2.311098977931446,3.7082144232565573,1.8883852395198435,0
3.1626961070316035,3.2332161312635015,4.226602035611337,0
2.9917184664958643,3.953136633913245,11.688666305524594,1
3.464404869791743,3.287124165201824,6.1780207545120875,1
4.930630225226437,2.3875626253595623,6.269848061874946,1
5.468429465073042,3.3615035252061016,6.100485411175359,1
8.101000985628154,1.8562737926793382,12.71240976871902,1
3.003291918522418,3.108559705776523,11.87787674608619,0
6.968644796953168,2.9667700093555394,13.656340700344401,1
4.572022311548982,2.7918831427274604,6.522864368799846,1
4.901072580695134,2.871462488561069,7.886873466241285,0
6.3496389843332075,1.118150954502361,2.450072351737626,0
2.7545559568754028,2.4512750922590385,11.430803278354823,1
5.764819492368101,3.0928449011411145,3.496661346196195,1
5.332904416426112,3.1598563919974003,7.650326691287887,0
5.984902528016298,1.9723248590740419,3.7080924171014678,1
5.5783372878156365,4.2657078408647005,5.233399519783912,1
9.91060027982179,2.133825151785499,4.488212706850899,0
3.7245200314973683,3.969457200526737,5.176374217972546,1
3.9380060899963647,3.4271943618716847,5.382631890553064,0
3.753718947150471,2.353772690156197,5.355193615224769,0
3.8890457616794905,4.775310892609512,9.500001735340922,0
3.7252257453869646,1.80636316824352,3.68541162081244,0
7.378033062215104,3.9191541736100017,7.6616242810416,1
7.841008495979709,4.000582318042978,10.653877456916675,0
3.8585074125010475,2.329379790923355,5.460410906459812,1
3.3352888537915426,4.392465300064329,4.846243327757195,1
5.942831112772808,2.749953485401047,6.308426124459247,1
3.8955539114380575,3.288693629279857,10.53917562508213,1
6.265863635511021,3.2603218387712207,7.582322892860073,1
5.405846041702599,2.865691258529452,5.406357116177205,0
1.9685117700055361,3.810808273159782,8.451629953564119,0
8.095010402660122,3.793488720552213,3.6931235504907303,0
8.591755346191043,1.2514680267618192,9.044078531328843,0
3.7744226190312276,4.304340242878153,8.225821923105302,1
4.224596880128032,1.3375080119643257,6.076574586583348,0
5.57173078144981,4.032546204341657,4.4842426046583075,1
5.66891357997405,4.126705136827583,4.339957233149628,1
6.317088545345661,1.9090335697848018,8.60445200903773,0
9.0204090775327,2.589185712045415,10.686941507467186,0
4.646105545011901,1.8942953315140643,5.0880767589136155,0
3.4034055109230925,2.7850789697112646,8.375160110654452,0
2.2413615439709456,2.6919657158142587,0.7389189441937933,1
3.538139920116162,3.77966053226934,5.246146808028401,1
4.933746054252405,4.310308746119608,6.9068232013872946,0
8.589115727035576,4.395683810789956,4.270949749054499,1
3.964777401927657,2.437831973421698,4.190480875631212,1
5.447575903277797,2.7907781262554723,4.996661330593342,1
4.967154207854496,1.3165618077790497,7.876578184979119,0
7.376786546896168,2.1941299335038114,6.438012944780876,1
10.053864851747242,3.9648516330974575,0.28530630002508417,0
3.938262454159359,4.615582823548232,0.6378995420948019,0
4.021121114963556,1.765651128120078,5.1794044664284735,1
7.0883217541381445,2.4075357408471056,8.373059758160656,1
6.363782979252623,2.973594243041073,-1.242514528175704,0
8.693414651472068,3.280161158819607,5.500809471545108,1
6.167856370651927,2.1903964800783537,5.421256430447737,1
4.281415818425881,3.4240610444640898,11.165013334625343,0
6.181309661384619,2.526160652929084,5.8449345648614095,0
7.2174071611658155,2.9855477291217207,8.148966954222786,0
6.640964362394728,3.5462842480036993,7.42377142026239,0
6.014548062214596,3.0064222698109377,0.6083005605783978,1
7.133349379178307,2.5636141094734315,9.304621649895212,1
7.3385911808913455,2.8903901960741694,7.646189516368864,0
7.764317982075054,2.911637040794665,8.52480591902377,0
6.297419775179286,2.6299889701178722,18.778713119308982,0
4.665763839366291,2.7412039373328976,0.7476611815042347,1
5.293427372866645,4.598647170504717,12.174089949283324,0
7.413017933016714,3.560919447941239,6.137657441798933,1
3.366128658025528,2.7045196819708397,7.861986713209028,0
5.737346617745803,3.696954404510736,6.863463264096273,0
4.213322375345278,2.66618051024399,5.727290999805869,0
5.057489645869635,4.173124637586641,5.290501215283724,1
7.556903725214598,3.3696421921980937,7.988526206719028,1
5.382198136039807,2.8926978559957712,2.4484789099849626,1
5.092873096312298,3.4477169258102776,9.251737502565296,0
2.2802877180401615,1.4291238479315007,5.751416785344238,1
6.492507132054442,1.8732325310901947,3.6097919828789267,1
6.29096836228215,1.8060749936009446,5.649961426012559,0
9.32650944661092,3.142943094763707,10.771447650587719,0
4.384443530093998,4.732514999485092,5.3939947389513305,1
5.438300655327878,5.231300146192632,8.07536085462886,1
5.498767367421511,3.638051101440757,4.80713117285358,1
8.15490655952695,3.500844474944457,9.273765549770859,1
4.809408935226096,1.198942265847261,9.056523216370612,0
5.558043051540679,2.457326200265978,12.545826499889234,0
6.215793019433079,2.212216248091761,6.473308163502353,0
5.3732182463127165,2.379152401748884,9.00596441427372,1
4.107132770898944,2.8318561814152106,7.294202618616834,1
5.388179985796615,2.527909422302873,10.887615345589044,0
7.1472634997195446,1.0207001896242123,4.8435028371738085,0
2.9469694011778795,3.747910256117534,9.235015938631843,1
5.265939348293752,1.9272569742601935,6.415908111649955,1
3.599758370121654,3.2392468641111494,6.807435468674507,0
7.390093257849685,5.0740826697499735,7.275257453345119,0
1.9536261904324506,2.0806154084135766,7.756721189280032,0
3.8821563054568236,0.46971247725367027,6.651312870634126,1
5.754423750129042,2.713995778119889,7.644139549511579,1
8.13104805846868,4.100959634998571,11.734354172686555,1
4.868499477854025,4.958347454220593,9.956349056845655,1
3.8896009466136032,1.7704504055475832,9.60746377749069,1
8.76231413888118,3.4966992232365217,5.633381421928387,1
2.103972199167512,2.5346895432199466,4.3322775153150275,0
0.6023880867598361,2.8940516456958645,9.865901674713259,0
5.880028900106665,5.644343347017035,9.628140377589382,1
3.9958915512947777,1.4970296716048468,11.418012027252946,0
2.9575343657385735,3.2537396614945733,5.188058122092311,1
6.416712894598707,3.467693171765433,6.311354033918959,0
5.487601427542398,4.085786324939347,2.0815475124236977,1
3.871842738526543,3.0979831534708953,5.8225866818173815,0
2.439391202658211,3.3080505395041024,9.989711531738342,0
6.744914656560289,2.6083514325782087,5.600513862315406,1
6.300402355917322,3.269126941245107,8.921439385602472,1
4.801648272441234,2.6568077245025896,6.428490682006566,0
8.693273992095332,3.621571889856051,7.972171084664682,0
2.859830467347695,2.630389663956366,3.556925830552998,1
1.9489496581505223,3.3771003939021864,7.255628348901703,0
3.616183860237511,2.970737186315022,-1.9734079127021698,1
4.908827967289004,4.126050250772169,6.439311525514046,1
5.486678898645383,2.948606276411514,2.1085802688545794,0
4.5175278842873405,1.2269675317931186,10.617983549640448,1
5.704110793028594,4.261921500713992,9.332222058293533,0
2.496921151619112,2.094267699137381,8.400012945898244,0
7.887529208146519,2.3462336613511803,11.563018681478141,1
4.835697643214862,2.404338705956508,4.153250437525488,0
7.234591663176255,4.374438093170817,12.242089593746675,1
5.685450692755408,0.8643257860213045,9.796574692781155,1
5.913506438307568,6.137748533659994,6.290334138343162,1
6.139534560464408,4.056056809066051,10.406860441548833,0
5.8954171200346295,3.2232389141291597,3.681119462765097,1
6.285445519735088,2.9451059993837134,4.526457515416979,0
7.658305060264863,3.285554074857657,5.174230830280899,1
5.39304233940294,3.5211224283793383,5.413066875807955,1
6.418007515177025,3.645215585950057,3.8303270717192417,1
4.820528611425546,3.5556044660034485,10.669249201285975,0
7.880234430898946,3.089580681255249,6.223436798890505,0
3.6472153958814606,2.802661579692674,8.057514905070638,1
8.60188086582163,2.8487267163464884,5.288945900758958,1
4.919684098711313,2.805091719647319,1.5381900983544483,0
2.1384497957639037,4.133770096867065,7.8101720751742665,0
5.2562088298215786,3.5935567222808618,1.2632350737406695,0
3.6378966850502383,0.05961136533571976,6.7940978617435945,1
6.681287097977448,3.655900776529761,2.895054883501569,0
3.694752041395218,3.1947361947187747,12.961827997692424,1
4.107633133570441,2.981291243554103,9.734088166524165,0
1.220918538108938,2.611481546911114,7.317261373814441,1
4.095387361501847,4.124112719986013,10.791120032964006,1
0.15224134674208667,3.947526462122858,4.461052067602792,1
1.8321943530285534,2.227122332176391,8.630438136010278,0
6.520829312288595,3.407052287124535,7.599431301156141,0
6.571600317301664,2.028343265458714,7.79206024400101,0
5.85091512356993,1.6203818352110695,10.817060500320304,1
3.066047713741574,2.373282775410035,9.197476308339407,1
4.90457728771604,3.8623934723827587,7.86617098847507,0
4.992794921818863,3.953125045376087,2.035337691315112,1
2.6832706216149145,3.513085420097293,4.119861114161608,1
8.006796603534301,3.725095786847997,6.631873199212827,1
6.7547245811513426,3.5161782871149585,7.280117122829954,0
4.558071652340672,2.3585184047770476,3.6093888259782285,1
5.053771677989062,3.4319225446739408,14.235030026735263,0
5.416765615895105,3.8004095252276824,11.549182165760719,0
0.9165302631514187,3.754291329813574,8.806354961177451,0
4.5056452349588065,4.1889133714746425,7.2161105838512345,0
3.6360315040044027,3.708303847201064,6.363373090296545,0
2.996759980210169,3.351448207541583,4.144244619933293,1
4.43779941422809,4.070150238316428,7.232441555556588,0
8.595373053699046,2.9734787407509398,7.773257620428252,0
6.28168572253402,2.118125348772282,3.274718273555127,0
3.8576420204344064,2.836933036056236,8.002529251734693,1
6.145165562712317,2.255097355193551,6.534222853525754,1
